{"name":"24d7709f-72c4-4c49-bcc0-c7a8d9a803be","id":"/providers/Microsoft.Flow/flows/24d7709f-72c4-4c49-bcc0-c7a8d9a803be","type":"Microsoft.Flow/flows","properties":{"apiId":"/providers/Microsoft.PowerApps/apis/shared_logicflows","displayName":"PullRecordsFrom_msdyn-AI EVENTS table in CDS","definition":{"metadata":{"defaultDataverseMetadataHeader":"application/json;odata.metadata=minimal","workflowEntityId":null,"processAdvisorMetadata":null,"flowChargedByPaygo":null,"flowclientsuspensionreason":"None","flowclientsuspensiontime":null,"flowclientsuspensionreasondetails":null,"creator":{"id":"907dc0ed-c836-4cdd-bbcd-81b9c7bccdbf","type":"User","tenantId":"e09fe7ba-2840-4126-b83e-6f8622172287"},"provisioningMethod":"FromDefinition","failureAlertSubscription":true,"clientLastModifiedTime":"2026-02-21T00:47:45.3963088Z","connectionKeySavedTimeKey":"2026-02-21T00:47:45.3963088Z","creationSource":"Portal","modifiedSources":"Portal"},"$schema":"https://schema.management.azure.com/providers/Microsoft.Logic/schemas/2016-06-01/workflowdefinition.json#","contentVersion":"1.0.0.0","parameters":{"$authentication":{"defaultValue":{},"type":"SecureObject"},"$connections":{"defaultValue":{},"type":"Object"},"dynamicscrmonline.entityName":{"defaultValue":"","type":"String"}},"triggers":{"manual":{"type":"Request","kind":"Button","inputs":{"schema":{"type":"object","properties":{},"required":[]}}}},"actions":{"List_rows":{"runAfter":{},"type":"OpenApiConnection","inputs":{"parameters":{"entityName":"msdyn_aievents"},"host":{"apiId":"/providers/Microsoft.PowerApps/apis/shared_commondataserviceforapps","connectionName":"shared_commondataserviceforapps-1","operationId":"ListRecords"},"authentication":"@parameters('$authentication')"},"runtimeConfiguration":{"paginationPolicy":{"minimumItemCount":100000}}},"Select":{"runAfter":{"List_rows":["Succeeded"]},"type":"Select","inputs":{"from":"@outputs('List_rows')?['body/value']","select":{"timestamp":"@formatDateTime(item()?['createdon'], 'yyyy-MM-dd')","aiconfigurationid_value":"@item()?['_msdyn_aiconfigurationid_value']","AImodel_value":"@item()?['_msdyn_aimodelid_value@Microsoft.Dynamics.CRM.lookuplogicalname']","CreditConsumed":"@item()?['msdyn_creditconsumed']","datainfo":"@item()?['msdyn_datainfo']","ownerid_name":"@item()?['_ownerid_value@Microsoft.Dynamics.CRM.lookuplogicalname']","ownerid_value":"@item()?['_ownerid_value']","output":"@item()?['msdyn_output']","name":"@item()?['msdyn_name']","Automation Name":"@item()?['msdyn_automationname']","Model_type":"@item()?['_msdyn_aimodelid_value@Microsoft.Dynamics.CRM.lookuplogicalname']","Model_name":"@item()?['_msdyn_aimodelid_value']","OwnerType":"@item()?['_ownerid_value@Microsoft.Dynamics.CRM.lookuplogicalname']","OwnerValue":"@item()?['_ownerid_value']","Status":"@item()?['statecode']","StatusReason":"@item()?['statuscode']","Output_file":"@item()?['msdyn_outputfile']","EventData":"@item()?['msdyn_eventdata']","DataType":"@item()?['msdyn_datatype']","RecordCreatedBy":"@item()?['_createdby_value']","RecordCreatedByDelegate":"@item()?['_createdonbehalfby_value']","Config_Value":"@item()?['_msdyn_aiconfigurationid_value']","Config_Name":"@item()?['_msdyn_aiconfigurationid_value@Microsoft.Dynamics.CRM.lookuplogicalname']"}}},"Create_CSV_table":{"runAfter":{"Select":["Succeeded"]},"type":"Table","inputs":{"from":"@body('Select')","format":"CSV"}},"Create_file":{"runAfter":{"Create_CSV_table":["Succeeded"]},"type":"OpenApiConnection","inputs":{"parameters":{"folderPath":"/DCO Dashboard","name":"AI_Events_Table.xls","body":"@body('Create_CSV_table')"},"host":{"apiId":"/providers/Microsoft.PowerApps/apis/shared_onedriveforbusiness","connectionName":"shared_onedriveforbusiness","operationId":"CreateFile"},"authentication":{"value":"@json(decodeBase64(triggerOutputs().headers['X-MS-APIM-Tokens']))['$ConnectionKey']","type":"Raw"}},"runtimeConfiguration":{"contentTransfer":{"transferMode":"Chunked"}}}},"description":"Used to connect to msdyn-aiEvents table in a tenant's Dataverse and pull all AI Builder credits consumed over time, with date of consumption.  Flow pulls down entire tablespace so other relevant data can be used if needed"},"connectionReferences":{"shared_commondataserviceforapps-1":{"connectionName":"shared-commondataser-ba476e9d-d53b-406d-9ff8-67107832312a","source":"Embedded","id":"/providers/Microsoft.PowerApps/apis/shared_commondataserviceforapps","tier":"NotSpecified","apiName":"commondataserviceforapps","isProcessSimpleApiReferenceConversionAlreadyDone":false},"shared_onedriveforbusiness":{"connectionName":"shared-onedriveforbu-9ff60291-3d88-4d8a-9686-d4b2f18cc5ea","source":"Invoker","id":"/providers/Microsoft.PowerApps/apis/shared_onedriveforbusiness","tier":"NotSpecified","apiName":"onedriveforbusiness","isProcessSimpleApiReferenceConversionAlreadyDone":false}},"flowFailureAlertSubscribed":false,"isManaged":false}}